Metric,Value
Annual Return,0.12115721923299771
Annual Volatility,0.17183070436551012
Sharpe Ratio,0.7050964065439305
Max Drawdown,-0.40883666871481983
