Metric,Value
Portfolio_VaR,0.014888244792041379
Portfolio_ES,0.024755942607286387
Risk_Scale,1.0
