Metric,Value
Annual Return,0.1262005590351163
Annual Volatility,0.16110262282764953
Sharpe Ratio,0.7833550378417955
Max Drawdown,-0.3911600112433713
