Annual Return,Annual Volatility,Sharpe Ratio,Max Drawdown
0.04865547395807446,0.1230611913098804,0.3953762310149656,-0.2049661464531406
